id,nama,kategori,foto
CCTV HIK,CCTV HIKVISION,CCTV,img\brand\HIKVISION LOGO.png
CCTV DAHUA,CCTV DAHUA,CCTV,img\brand\DAHUA LOGO.png
CCTV EZVIZ,CCTV EZVIZ,CCTV,img\brand\EZVIZ LOGO.png
LAPTOP ASUS,LAPTOP ASUS,LAPTOP,img\brand\ASUS LOGO.png
LAPTOP ACER,LAPTOP ACER,LAPTOP,img\brand\ACER LOGO.png
LAPTOP AXIOO,LAPTOP AXIOO,LAPTOP,img\brand\AXIOO LOGO.png
LAPTOP LENOVO,LAPTOP LENOVO,LAPTOP,img\brand\LENOVO LOGO.png
LAPTOP ADVAN,LAPTOP ADVAN,LAPTOP,img\brand\ADVAN LOGO.png
PRINTER EPSON,PRINTER EPSON,PRINTER,img\brand\EPSON LOGO.png
PRINTER CANON,PRINTER CANON,PRINTER,img\brand\CANON LOGO.png
INTEL ,INTEL,PROCESSOR,img\brand\INTEL LOGO.png
AMD,AMD,PROCESSOR,img\brand\AMD LOGO.png
SAMSUNG,SAMSUNG,GADGET,img\brand\SAMSUNG LOGO.png
REALME,REALME,GADGET,img\brand\REALME LOGO.png
OPPO,OPPO,GADGET,img\brand\OPPO LOGO.png
VIVO,VIVO,GADGET,img\brand\VIVO LOGO.png
SMARTPHONE XIAOMI,SMARTPHONE XIAOMI,GADGET,img\brand\XIAOMI LOGO.png
TECNO,TECNO,GADGET,img\brand\TECNO LOGO.png
CORSAIR ,CORSAIR,RAM,img\brand\CORSAIR LOGO.png
RAM VGEN,RAM VGEN ,RAM,img\brand\VGEN LOGO.png
SEAGATE INTERNAL,SEAGATE INTERNAL,HARDDISK,img\brand\SEAGATE LOGO.png
WESTERN DIGITAL INTERNAL,WESTERN DIGITAL INTERNAL,HARDDISK,img\brand\WD LOGO.png
SSD VGEN PLATINUM,SSD VGEN PLATINUM,SSD,img\brand\VGEN LOGO.png
SSD VGEN RESCUE,SSD VGEN RESCUE,SSD,img\brand\VGEN LOGO.png
SSD VGEN PORTABLE,SSD VGEN PORTABLE,SSD,img\brand\VGEN LOGO.png
ADATA,ADATA,SSD,img\brand\ADATA LOGO.png
YUASA,YUASA,BATERAI UPS,img\brand\YUASA LOGO.png
CUBE GAMING,CUBE GAMING,POWER SUPPLY,img\brand\CUBE GAMIN GLOGO.jfif
CORSAIR ,CORSAIR,POWER SUPPLY,img\brand\CORSAIR LOGO.png
PNY,PNY,POWER SUPPLY,img\brand\PNY LOGO.png
MSI,MSI,MOTHERBOARD,img\brand\MSI LOGO.png
GIGABYTE,GIGABYTE,MOTHERBOARD,img\brand\GIGABYTE LOGO.png
ASUS,ASUS,MOTHERBOARD,img\brand\ASUS LOGO.png
ENLIGHT,ENLIGHT,POWER SUPPLY,img\brand\ENLIGHT LOGO.png
ASROCK ,ASROCK,MOTHERBOARD,img\brand\ASROCK LOGO.png
ECS,ECS,MOTHERBOARD,img\brand\ECS LOGO.png
PC RAKITAN,PC RAKITAN,PC READY,img\brand\PC RAKITAN.jfif
PC AIO LENOVO,PC AIO LENOVO,PC READY,img\brand\LENOVO LOGO.png
SMARTLOCK EZVIZ,SMARTLOCK EZVIZ,SMARTLOCK,img\brand\EZVIZ LOGO.png
SISTEM,SISTEM,SERVICE,img\brand\SISTEM.jfif
RESET PRINTER,RESET PRINTER,SERVICE,img\brand\PRINTER 1.jfif
CLEANING DEBU PC/LAPTOP,CLEANING DEBU PC/LAPTOP,SERVICE,img\brand\CLEANING DEBU.jfif
INDOSAT ROUTER,INDOSAT ROUTER,NETWORKING,img\brand\INDOSAT ROUTER.png
KABEL FIBER OPTIK,KABEL FIBER OPTIK,NETWORKING,img\brand\KABEL FO.webp
KABEL LAN,KABEL LAN,NETWORKING,img\brand\KABEL LAN.jfif
KONEKTOR BAREL LAN,KONEKTOR BAREL LAN,NETWORKING,img\brand\KONEKTOR SAMBUNGAN LAN.webp
KONEKTOR RJ45,KONEKTOR RJ45,NETWORKING,img\brand\KONEKTOR RJ45.jpg
MERCUSYS,MERCUSYS,NETWORKING,img\brand\MERCUSYS.png
MIKROTIK,MIKROTIK,NETWORKING,img\brand\mikrotik.png
TARMOC,TARMOC,NETWORKING,img\brand\tarmoc logo.png
TP LINK,TP LINK,NETWORKING,img\brand\tp link logo.png
RUIJIE,RUIJIE,NETWORKING,img\brand\ruijie logo.png
HUAWEI,HUAWEI,GADGET,img\brand\HUAWEI.png
XIAOMI SMART TV,XIAOMI SMART TV,SMART TV,img\brand\XIAOMI LOGO.png
SONY PLAYSTATION,SONY PLAYSTATION,PLAY STATION,img\brand\SONY PLAYSTATION.png
IPOS,IPOS,PROGRAM KASIR,img\brand\IPOS.jfif
INFINIX,INFINIX,GADGET,img\brand\INFINIX.png
PAKET INCLUDE INSTALASI,PAKET INCLUDE INSTALASI,CCTV,img\brand\EZVIZ LOGO.png
LG,LG,MONITOR,img\brand\LG LOGO.png
APPLE,APPLE,GADGET,img\brand\APPLE.png
TINTA PRINTER EPSON,TINTA PRINTER EPSON,PRINTER,img\brand\tinta epson 003.jpg
PC AIO ASUS,PC AIO ASUS,PC READY,img\brand\ASUS LOGO.png
SPEAKER HARMAN KARDON,SPEAKER HARMAN KARDON,SPEAKER,img\brand\HARMAN KARDON.jpg
SPEAKER FANTECH,SPEAKER FANTECH,SPEAKER,img\brand\FANTECH.png
CCTV HILOOK,CCTV HILOOK,CCTV,img\brand\HILOOK.jfif
ANTI GORES,ANTI GORES,ACCESSORIES,img\brand\SCREEN PROTECTOR.jfif
ARM MONITOR BRACKET,ARM MONITOR BRACKET,ACCESSORIES,img\brand\ARM MONITOR BRACKET.jfif
CASE HDD & SSD EKSTERNAL,CASE HDD & SSD EKSTERNAL,ACCESSORIES,img\brand\CASE HDD & SSD.jfif
FLASHDISK,FLASHDISK,ACCESSORIES,img\brand\FD.png
GAMEPAD,GAMEPAD,ACCESSORIES,img\brand\GAMEPAD.jfif
GAMING CHAIR,GAMING CHAIR,ACCESSORIES,img\brand\GAMING CHAIRR.jpg
GAMING HEADSET,GAMING HEADSET,ACCESSORIES,img\brand\GAMING HEADSET.jfif
KABEL VGA & HDMI,KABEL VGA & HDMI,ACCESSORIES,img\brand\KABEL HDMI VGA LOGO.jfif
KEYBOARD,KEYBOARD,ACCESSORIES,img\brand\KEYBOARD.jfif
KIPAS MINI PORTABLE,KIPAS MINI PORTABLE,ACCESSORIES,img\brand\PORTABLE COOLER.webp
LASER POINTER,LASER POINTER,ACCESSORIES,img\brand\LASER POINTER PRESENTATION.webp
MEJA ELEKTRIK,MEJA ELEKTRIK,ACCESSORIES,img\brand\MEJA ELEKTRIK.webp
MOUSE,MOUSE,ACCESSORIES,img\brand\MOUSE.jfif
MOUSEPAD,MOUSEPAD,ACCESSORIES,img\brand\MOUSEPAD.jfif
NOTEBOOK COOLER,NOTEBOOK COOLER,ACCESSORIES,img\brand\NOTEBOOK COOLER.jpg
NOTEBOOK STAND,NOTEBOOK STAND,ACCESSORIES,img\brand\NOTEBOOK STAND.webp
OFFICE CHAIR,OFFICE CHAIR,ACCESSORIES,img\brand\OFFICE CHAIRR.jfif
PHONE COOLER,PHONE COOLER,ACCESSORIES,img\brand\HP COOLER.jfif
POWERBANK,POWERBANK,ACCESSORIES,img\brand\POWERBANK.jfif
SPLITTER VGA & HDMI,SPLITTER VGA & HDMI,ACCESSORIES,img\brand\HDMI SPLITTER 1X4.jfif
TOOLS,TOOLS,ACCESSORIES,img\brand\TOOLS.png
USB BLUETOOTH & WIFI,USB BLUETOOTH & WIFI,ACCESSORIES,img\brand\USB BLUETOOTH & WIFI.png
USB HUB,USB HUB,ACCESSORIES,img\brand\USB HUB.webp
WEBCAM,WEBCAM,ACCESSORIES,img\brand\WEBCAM LOGO.jfif
WIRELESS HEADSET,WIRELESS HEADSET,ACCESSORIES,img\brand\WIRELESS HEADSET.jfif
SMARTLOCK FANTECH,SMARTLOCK FANTECH,SMARTLOCK,img\brand\FANTECH.png
QWERTY,QWERTY,CASING,img\brand\QWERTY LOGO.jfif
NEMESIS,NEMESIS,CASING,img\brand\NEMESIS.png
MAINBOARD QWERTY,MAINBOARD QWERTY,MOTHERBOARD,img\brand\QWERTY LOGO.jfif
DATAFAST,DATAFAST,POWER SUPPLY,img\brand\DATAFAST LOGO.png
REDWOLF,REDWOLF,POWER SUPPLY,img\brand\REDWOLD LOGO.png
SEGOTEP,SEGOTEP,POWER SUPPLY,img\brand\SEGOTEP LOGO.png
VURRION,VURRION,VGA CARD,img\brand\VURIION LOGO.jfif
WYZTECH,WYZTECH,VGA CARD,img\brand\WYZTECH LOGO.heic
ZOTAC,ZOTAC,VGA CARD,img\brand\ZOTAC LOGO.png
GAINWARD,GAINWARD,VGA CARD,img\brand\GAINWARD LOGO.png
MONITOR SAMSUNG,MONITOR SAMSUNG,MONITOR,img\brand\SAMSUNG LOGO.png
MONITOR QWERTY,MONITOR QWERTY,MONITOR,img\brand\QWERTY LOGO.jfif
MONITOR XIAOMI,MONITOR XIAOMI,MONITOR,img\brand\XIAOMI LOGO.png
MAXSUN,MAXSUN,MOTHERBOARD,img\brand\MAXSUN LOGO.png
SAPPHIRE,SAPPHIRE,VGA CARD,img\brand\SAPPHIRE LOGO.png
VGA GIGABYTE,VGA GIGABYTE,VGA CARD,img\brand\GIGABYTE LOGO.png
SEAGATE EKSTERNAL,SEAGATE EKSTERNAL,HARDDISK,img\brand\SEAGATE LOGO.png
WESTERN DIGITAL EKSTERNAL,WESTERN DIGITAL EKSTERNAL,HARDDISK,img\brand\WD LOGO.png
TOSHIBA EKSTERNAL,TOSHIBA EKSTERNAL,HARDDISK,img\brand\TOSHIBA LOGO.png
KABEL POWER,KABEL POWER,SPAREPART LAPTOP,img\brand\KABEL POWER.png
EZVIZ SMART CLEANER,EZVIZ SMART CLEANER,SMART CLEANER,img\brand\EZVIZ LOGO.png
MEARI,MEARI,CCTV,img\brand\MEARI LOGO.png
NYK,NYK,PROJECTOR,img\brand\NYK LOGO.png
CHEERLUX,CHEERLUX,PROJECTOR,img\brand\CHEERLUX LOGO.png
INFOCUS,INFOCUS,PROJECTOR,img\brand\INFOCUS LOGO.png
PROJECTOR EPSON,PROJECTOR EPSON,PROJECTOR,img\brand\EPSON LOGO.png
PROVIEW,PROVIEW,CCTV,img\brand\PROVIEW LOGO.jfif
CCTV TP LINK,CCTV TP LINK,CCTV,img\brand\tp link logo.png
BRACKET CCTV EZVIZ,BRACKET CCTV EZVIZ,SPAREPART CCTV,img\brand\BRACKET CCTV EZVIZ.jfif
DURADUS,DURADUS,SPAREPART CCTV,img\brand\DURADUS.jfif
HDD CCTV,HDD CCTV,SPAREPART CCTV,img\brand\HDD.png
KABEL COAXIAL CCTV,KABEL COAXIAL CCTV,SPAREPART CCTV,img\brand\KABEL COAXIAL.jfif
MEMORY SD CCTV,MEMORY SD CCTV,SPAREPART CCTV,img\brand\MEMORY SD.jfif
POE EXTENDER,POE EXTENDER,SPAREPART CCTV,img\brand\POE EXTENDER ICON.png
POWER SUPPLY CCTV,POWER SUPPLY CCTV,SPAREPART CCTV,img\brand\PSU CCTV.jpg
